customer_id,age,gender,city,account_type,tenure_years,credit_card,loan_amount,insurance,txn_count,total_spend,avg_txn_amount,spend_rank,customer_segment
560,37,Male,Mumbai,Salary,14,N,0.00,Y,20,300707.00,15035.35,1,"High Value"
503,54,Male,Kolkata,Savings,13,Y,150000.00,Y,19,292936.00,15417.68,2,"High Value"
464,63,Female,Bangalore,Current,2,Y,0.00,N,23,287295.00,12491.09,3,"High Value"
255,45,Male,Bangalore,Current,6,N,150000.00,N,19,277803.00,14621.21,4,"High Value"
653,50,Female,Kolkata,Current,7,Y,150000.00,N,16,270746.00,16921.63,5,"High Value"
221,21,Female,Delhi,Salary,8,Y,100000.00,Y,20,265470.00,13273.50,6,"High Value"
640,62,Female,Chennai,Savings,0,Y,0.00,N,19,258641.00,13612.68,7,"High Value"
522,25,Male,Kolkata,Savings,13,Y,150000.00,Y,18,252960.00,14053.33,8,"High Value"
538,27,Female,Pune,Current,0,N,100000.00,N,15,252893.00,16859.53,9,"High Value"
13,53,Male,Kolkata,Salary,0,Y,150000.00,N,15,248826.00,16588.40,10,"High Value"
229,39,Male,Kolkata,Salary,3,Y,0.00,N,15,248487.00,16565.80,11,"High Value"
86,41,Female,Kolkata,Savings,8,Y,50000.00,N,16,246492.00,15405.75,12,"High Value"
253,18,Female,Hyderabad,Current,4,N,0.00,Y,17,244245.00,14367.35,13,"High Value"
382,41,Male,Bangalore,Savings,3,N,100000.00,N,17,243733.00,14337.24,14,"High Value"
57,52,Male,Kolkata,Savings,11,N,0.00,N,18,242178.00,13454.33,15,"High Value"
101,25,Male,Delhi,Salary,6,Y,0.00,Y,16,241292.00,15080.75,16,"High Value"
619,25,Male,Mumbai,Salary,2,Y,100000.00,N,18,240732.00,13374.00,17,"High Value"
180,18,Male,Hyderabad,Savings,5,Y,0.00,N,16,238419.00,14901.19,18,"High Value"
368,59,Male,Pune,Savings,9,N,0.00,N,15,237187.00,15812.47,19,"High Value"
396,45,Female,Hyderabad,Savings,0,Y,0.00,N,18,236801.00,13155.61,20,"High Value"
550,49,Female,Bangalore,Salary,7,Y,50000.00,N,14,234648.00,16760.57,21,"Medium Value"
706,45,Male,Hyderabad,Current,0,Y,0.00,N,16,234470.00,14654.38,22,"Medium Value"
26,29,Male,Bangalore,Savings,2,Y,50000.00,Y,15,234134.00,15608.93,23,"Medium Value"
93,62,Female,Delhi,Current,9,Y,100000.00,N,15,232287.00,15485.80,24,"Medium Value"
502,60,Male,Bangalore,Savings,10,N,50000.00,N,18,232191.00,12899.50,25,"Medium Value"
16,20,Female,Delhi,Salary,5,N,0.00,Y,16,231716.00,14482.25,26,"Medium Value"
325,50,Female,Pune,Savings,4,Y,100000.00,N,17,228908.00,13465.18,27,"Medium Value"
541,41,Male,Chennai,Savings,8,Y,0.00,N,15,227770.00,15184.67,28,"Medium Value"
793,35,Female,Delhi,Current,2,N,0.00,Y,16,226670.00,14166.88,29,"Medium Value"
520,34,Female,Pune,Salary,6,Y,100000.00,Y,16,225677.00,14104.81,30,"Medium Value"
668,36,Female,Delhi,Salary,13,Y,0.00,N,14,223784.00,15984.57,31,"Medium Value"
210,54,Male,Chennai,Current,13,Y,0.00,N,15,221529.00,14768.60,32,"Medium Value"
417,23,Male,Kolkata,Savings,3,N,0.00,Y,15,221181.00,14745.40,33,"Medium Value"
647,56,Female,Pune,Current,8,Y,0.00,Y,17,220391.00,12964.18,34,"Medium Value"
293,63,Female,Hyderabad,Current,11,Y,200000.00,N,16,218459.00,13653.69,35,"Medium Value"
166,59,Male,Pune,Current,1,Y,0.00,N,17,217667.00,12803.94,36,"Medium Value"
353,20,Male,Bangalore,Salary,9,N,0.00,N,14,217547.00,15539.07,37,"Medium Value"
717,27,Male,Bangalore,Current,0,Y,0.00,Y,13,215898.00,16607.54,38,"Medium Value"
373,50,Female,Hyderabad,Salary,0,Y,0.00,Y,17,215390.00,12670.00,39,"Medium Value"
271,26,Female,Chennai,Savings,2,N,150000.00,Y,17,214298.00,12605.76,40,"Medium Value"
735,58,Female,Hyderabad,Current,1,Y,50000.00,N,15,213951.00,14263.40,41,"Medium Value"
599,64,Female,Mumbai,Savings,8,N,0.00,N,15,211665.00,14111.00,42,"Medium Value"
574,48,Female,Hyderabad,Salary,2,N,0.00,N,14,210673.00,15048.07,43,"Medium Value"
561,42,Male,Kolkata,Savings,8,N,0.00,N,15,209509.00,13967.27,44,"Medium Value"
433,54,Male,Pune,Salary,10,Y,50000.00,N,14,208935.00,14923.93,45,"Medium Value"
533,46,Male,Bangalore,Savings,4,N,0.00,N,13,208892.00,16068.62,46,"Medium Value"
698,58,Female,Pune,Salary,0,N,100000.00,Y,14,207761.00,14840.07,47,"Medium Value"
318,62,Male,Hyderabad,Savings,3,N,100000.00,N,13,207515.00,15962.69,48,"Medium Value"
204,54,Male,Kolkata,Savings,7,N,50000.00,N,16,205947.00,12871.69,49,"Medium Value"
763,57,Female,Pune,Savings,14,N,50000.00,Y,14,205224.00,14658.86,50,"Medium Value"
584,40,Female,Mumbai,Current,2,N,0.00,Y,16,202881.00,12680.06,51,"Medium Value"
130,52,Male,Bangalore,Current,2,Y,0.00,Y,16,202854.00,12678.38,52,"Medium Value"
718,47,Female,Chennai,Savings,11,N,0.00,Y,13,202616.00,15585.85,53,"Medium Value"
79,40,Female,Bangalore,Current,5,N,0.00,N,11,202151.00,18377.36,54,"Medium Value"
412,61,Female,Delhi,Savings,4,N,50000.00,N,12,201765.00,16813.75,55,"Medium Value"
643,37,Female,Delhi,Savings,10,N,0.00,N,11,201347.00,18304.27,56,"Medium Value"
446,18,Male,Pune,Salary,13,Y,50000.00,N,13,200296.00,15407.38,57,"Medium Value"
434,43,Male,Kolkata,Salary,10,Y,100000.00,Y,14,199726.00,14266.14,58,"Medium Value"
730,39,Male,Hyderabad,Salary,2,Y,200000.00,N,14,199139.00,14224.21,59,"Medium Value"
649,20,Female,Bangalore,Current,4,N,100000.00,N,14,198869.00,14204.93,60,"Medium Value"
794,47,Male,Hyderabad,Salary,2,N,50000.00,N,13,198664.00,15281.85,61,"Medium Value"
688,41,Female,Delhi,Salary,4,N,0.00,N,15,198491.00,13232.73,62,"Medium Value"
762,18,Male,Hyderabad,Salary,12,Y,0.00,Y,13,198330.00,15256.15,63,"Medium Value"
420,47,Female,Chennai,Savings,6,N,0.00,N,14,198198.00,14157.00,64,"Medium Value"
273,52,Female,Bangalore,Salary,1,N,50000.00,N,17,197537.00,11619.82,65,"Medium Value"
257,40,Male,Chennai,Savings,14,Y,0.00,N,15,196961.00,13130.73,66,"Medium Value"
165,19,Female,Pune,Salary,5,Y,0.00,N,13,196756.00,15135.08,67,"Medium Value"
371,34,Male,Pune,Current,6,N,0.00,N,13,195819.00,15063.00,68,"Medium Value"
66,21,Male,Bangalore,Savings,7,Y,50000.00,Y,11,194056.00,17641.45,69,"Medium Value"
56,64,Male,Chennai,Savings,11,Y,50000.00,N,13,193465.00,14881.92,70,"Medium Value"
47,26,Female,Delhi,Savings,0,N,50000.00,N,15,193108.00,12873.87,71,"Medium Value"
397,51,Male,Chennai,Savings,7,Y,0.00,Y,12,193011.00,16084.25,72,"Medium Value"
547,49,Female,Bangalore,Savings,1,N,0.00,Y,14,192756.00,13768.29,73,"Medium Value"
69,43,Female,Chennai,Savings,13,N,50000.00,N,17,192677.00,11333.94,74,"Medium Value"
149,49,Male,Kolkata,Savings,0,Y,0.00,N,14,192639.00,13759.93,75,"Medium Value"
606,24,Male,Chennai,Savings,10,N,200000.00,N,15,192538.00,12835.87,76,"Medium Value"
680,28,Female,Pune,Salary,11,N,0.00,N,14,192484.00,13748.86,77,"Medium Value"
664,28,Female,Chennai,Salary,2,Y,50000.00,Y,16,192128.00,12008.00,78,"Medium Value"
192,59,Female,Delhi,Savings,0,N,100000.00,N,11,192113.00,17464.82,79,"Medium Value"
623,34,Female,Chennai,Current,0,N,0.00,N,15,190930.00,12728.67,80,"Medium Value"
106,52,Female,Bangalore,Savings,7,Y,0.00,Y,14,190921.00,13637.21,81,"Medium Value"
492,19,Male,Pune,Current,8,Y,0.00,N,14,190271.00,13590.79,82,"Medium Value"
236,46,Female,Bangalore,Savings,10,Y,0.00,Y,13,189810.00,14600.77,83,"Medium Value"
381,42,Male,Delhi,Current,0,Y,0.00,Y,13,189132.00,14548.62,84,"Medium Value"
29,42,Male,Mumbai,Current,2,Y,0.00,N,13,187941.00,14457.00,85,"Medium Value"
605,55,Male,Bangalore,Current,9,N,0.00,N,10,187803.00,18780.30,86,"Medium Value"
379,43,Male,Mumbai,Salary,10,N,0.00,N,13,187487.00,14422.08,87,"Medium Value"
265,19,Male,Chennai,Current,5,Y,50000.00,N,12,186684.00,15557.00,88,"Medium Value"
211,49,Female,Delhi,Savings,10,Y,150000.00,N,12,186588.00,15549.00,89,"Medium Value"
121,41,Male,Pune,Savings,4,Y,0.00,Y,12,185014.00,15417.83,90,"Medium Value"
486,22,Male,Hyderabad,Salary,4,Y,0.00,N,13,184830.00,14217.69,91,"Medium Value"
196,49,Female,Hyderabad,Savings,9,N,50000.00,N,14,184772.00,13198.00,92,"Medium Value"
235,33,Male,Bangalore,Current,8,N,0.00,N,14,184383.00,13170.21,93,"Medium Value"
364,39,Female,Pune,Current,8,Y,0.00,N,10,184323.00,18432.30,94,"Medium Value"
592,22,Male,Delhi,Current,8,Y,150000.00,N,14,184291.00,13163.64,95,"Medium Value"
528,58,Female,Kolkata,Savings,13,Y,100000.00,N,11,184140.00,16740.00,96,"Medium Value"
311,29,Male,Delhi,Savings,10,N,50000.00,N,14,183912.00,13136.57,97,"Medium Value"
628,53,Male,Pune,Current,13,Y,0.00,Y,14,183840.00,13131.43,98,"Medium Value"
12,41,Female,Bangalore,Salary,10,Y,50000.00,N,14,183718.00,13122.71,99,"Medium Value"
77,25,Male,Mumbai,Savings,7,N,0.00,Y,13,183471.00,14113.15,100,"Medium Value"
176,45,Female,Mumbai,Salary,1,Y,50000.00,N,12,183444.00,15287.00,101,"Medium Value"
105,25,Female,Pune,Savings,1,N,150000.00,N,14,183277.00,13091.21,102,"Medium Value"
716,19,Male,Pune,Current,0,Y,100000.00,N,13,183000.00,14076.92,103,"Medium Value"
732,30,Female,Bangalore,Current,12,N,0.00,N,14,182462.00,13033.00,104,"Medium Value"
746,20,Male,Mumbai,Savings,4,N,0.00,Y,14,182439.00,13031.36,105,"Medium Value"
620,62,Male,Delhi,Savings,12,N,200000.00,N,16,182242.00,11390.13,106,"Medium Value"
416,21,Male,Mumbai,Current,13,Y,50000.00,Y,12,181855.00,15154.58,107,"Medium Value"
214,36,Female,Pune,Savings,7,Y,100000.00,Y,15,181671.00,12111.40,108,"Medium Value"
474,47,Male,Bangalore,Salary,8,Y,50000.00,Y,15,181044.00,12069.60,109,"Medium Value"
463,47,Male,Delhi,Savings,2,N,0.00,Y,13,180978.00,13921.38,110,"Medium Value"
693,43,Female,Bangalore,Salary,6,N,0.00,Y,12,180777.00,15064.75,111,"Medium Value"
438,18,Female,Delhi,Current,5,Y,0.00,N,11,180184.00,16380.36,112,"Medium Value"
208,45,Female,Pune,Savings,3,N,150000.00,N,14,179670.00,12833.57,113,"Medium Value"
527,51,Female,Chennai,Current,10,Y,0.00,Y,13,179545.00,13811.15,114,"Medium Value"
114,24,Female,Delhi,Current,9,N,0.00,Y,14,179520.00,12822.86,115,"Medium Value"
336,47,Female,Delhi,Current,11,Y,0.00,N,17,179484.00,10557.88,116,"Medium Value"
589,56,Male,Chennai,Savings,1,N,0.00,Y,14,179335.00,12809.64,117,"Medium Value"
442,49,Female,Chennai,Salary,7,N,0.00,N,12,179228.00,14935.67,118,"Medium Value"
320,44,Male,Chennai,Current,3,Y,0.00,N,13,178777.00,13752.08,119,"Medium Value"
703,50,Male,Mumbai,Salary,1,Y,150000.00,Y,14,178703.00,12764.50,120,"Medium Value"
770,43,Female,Chennai,Current,14,Y,0.00,N,13,178689.00,13745.31,121,"Medium Value"
612,44,Male,Chennai,Salary,8,N,50000.00,N,15,178659.00,11910.60,122,"Medium Value"
356,59,Male,Pune,Current,7,Y,0.00,Y,15,178532.00,11902.13,123,"Medium Value"
783,54,Male,Hyderabad,Savings,12,N,0.00,N,15,178244.00,11882.93,124,"Medium Value"
595,46,Male,Delhi,Current,6,N,50000.00,N,10,177972.00,17797.20,125,"Medium Value"
791,55,Male,Hyderabad,Savings,11,Y,0.00,N,15,177753.00,11850.20,126,"Medium Value"
115,26,Male,Hyderabad,Current,11,N,0.00,Y,16,177750.00,11109.38,127,"Medium Value"
68,35,Male,Bangalore,Savings,9,N,0.00,N,12,177731.00,14810.92,128,"Medium Value"
25,50,Female,Bangalore,Savings,9,N,0.00,N,11,177366.00,16124.18,129,"Medium Value"
144,43,Female,Hyderabad,Salary,8,N,50000.00,N,13,177339.00,13641.46,130,"Medium Value"
568,36,Male,Mumbai,Current,4,N,150000.00,Y,13,176959.00,13612.23,131,"Medium Value"
259,47,Male,Hyderabad,Savings,13,N,0.00,N,14,176600.00,12614.29,132,"Medium Value"
133,31,Female,Chennai,Salary,4,Y,0.00,N,17,175622.00,10330.71,133,"Medium Value"
798,55,Male,Kolkata,Salary,8,Y,100000.00,Y,14,175548.00,12539.14,134,"Medium Value"
462,64,Female,Hyderabad,Salary,13,Y,0.00,N,12,175358.00,14613.17,135,"Medium Value"
601,26,Male,Mumbai,Salary,0,Y,100000.00,N,16,175105.00,10944.06,136,"Medium Value"
617,55,Male,Hyderabad,Savings,7,N,0.00,Y,15,175056.00,11670.40,137,"Medium Value"
330,36,Male,Bangalore,Current,8,Y,100000.00,N,13,174823.00,13447.92,138,"Medium Value"
461,22,Male,Mumbai,Savings,2,N,100000.00,N,10,174531.00,17453.10,139,"Medium Value"
754,38,Female,Chennai,Current,0,N,0.00,N,16,174402.00,10900.13,140,"Medium Value"
415,56,Male,Mumbai,Savings,3,N,0.00,Y,14,174284.00,12448.86,141,"Medium Value"
583,53,Female,Bangalore,Current,12,N,50000.00,Y,11,174261.00,15841.91,142,"Medium Value"
70,61,Female,Pune,Savings,5,Y,0.00,N,11,173553.00,15777.55,143,"Medium Value"
456,54,Female,Bangalore,Salary,9,Y,0.00,Y,11,173383.00,15762.09,144,"Medium Value"
409,54,Male,Pune,Savings,4,N,50000.00,N,11,173314.00,15755.82,145,"Medium Value"
326,45,Female,Hyderabad,Savings,2,Y,0.00,N,12,172449.00,14370.75,146,"Medium Value"
51,45,Female,Mumbai,Savings,5,N,0.00,Y,14,172324.00,12308.86,147,"Medium Value"
546,56,Male,Chennai,Current,0,Y,50000.00,Y,13,172237.00,13249.00,148,"Medium Value"
387,37,Female,Kolkata,Salary,7,Y,0.00,Y,16,172180.00,10761.25,149,"Medium Value"
530,21,Female,Delhi,Savings,4,N,50000.00,N,14,172068.00,12290.57,150,"Medium Value"
39,24,Female,Kolkata,Salary,5,N,0.00,N,10,171884.00,17188.40,151,"Medium Value"
181,44,Female,Bangalore,Salary,11,Y,150000.00,N,13,171469.00,13189.92,152,"Medium Value"
752,36,Male,Chennai,Salary,7,N,50000.00,Y,11,171218.00,15565.27,153,"Medium Value"
307,24,Female,Kolkata,Savings,11,Y,0.00,N,15,171118.00,11407.87,154,"Medium Value"
167,62,Female,Chennai,Current,0,Y,0.00,Y,10,171012.00,17101.20,155,"Medium Value"
447,33,Female,Hyderabad,Savings,14,Y,100000.00,N,12,170476.00,14206.33,156,"Medium Value"
110,59,Female,Chennai,Current,14,Y,50000.00,N,10,170355.00,17035.50,157,"Medium Value"
42,56,Female,Chennai,Current,13,N,150000.00,N,14,170236.00,12159.71,158,"Medium Value"
536,38,Female,Bangalore,Savings,2,Y,0.00,Y,10,169772.00,16977.20,159,"Medium Value"
579,52,Male,Kolkata,Savings,11,Y,50000.00,N,15,169755.00,11317.00,160,"Medium Value"
480,51,Female,Mumbai,Current,2,N,0.00,Y,14,169382.00,12098.71,161,"Medium Value"
146,30,Female,Delhi,Salary,5,N,50000.00,Y,12,169335.00,14111.25,162,"Medium Value"
164,45,Female,Bangalore,Salary,13,Y,0.00,N,9,169326.00,18814.00,163,"Medium Value"
757,63,Female,Kolkata,Current,11,Y,100000.00,N,15,169249.00,11283.27,164,"Medium Value"
71,51,Female,Delhi,Savings,11,N,0.00,N,14,168714.00,12051.00,165,"Medium Value"
590,31,Male,Kolkata,Current,10,N,100000.00,N,12,168656.00,14054.67,166,"Medium Value"
76,32,Male,Pune,Current,13,Y,150000.00,N,11,168441.00,15312.82,167,"Medium Value"
662,33,Male,Chennai,Savings,10,N,50000.00,N,12,168183.00,14015.25,168,"Medium Value"
217,43,Male,Delhi,Salary,9,N,0.00,N,12,167747.00,13978.92,169,"Medium Value"
769,56,Female,Chennai,Current,14,N,200000.00,N,11,167347.00,15213.36,170,"Medium Value"
103,28,Female,Delhi,Salary,14,Y,0.00,Y,14,166935.00,11923.93,171,"Medium Value"
376,56,Female,Chennai,Current,10,Y,0.00,Y,14,166876.00,11919.71,172,"Medium Value"
286,37,Female,Mumbai,Current,3,Y,0.00,N,9,166661.00,18517.89,173,"Medium Value"
178,56,Female,Mumbai,Current,12,N,0.00,Y,12,166075.00,13839.58,174,"Medium Value"
333,34,Female,Pune,Salary,1,N,0.00,N,15,165920.00,11061.33,175,"Medium Value"
444,57,Male,Hyderabad,Savings,2,Y,150000.00,Y,11,165476.00,15043.27,176,"Medium Value"
799,50,Female,Chennai,Current,14,Y,0.00,N,16,165409.00,10338.06,177,"Medium Value"
602,27,Female,Pune,Current,12,N,0.00,N,11,165218.00,15019.82,178,"Medium Value"
774,18,Female,Chennai,Salary,8,Y,0.00,N,12,165190.00,13765.83,179,"Medium Value"
246,24,Male,Mumbai,Savings,7,Y,50000.00,Y,13,164492.00,12653.23,180,"Medium Value"
207,19,Male,Bangalore,Current,5,N,0.00,N,10,164413.00,16441.30,181,"Medium Value"
112,58,Male,Hyderabad,Salary,4,Y,0.00,N,15,164209.00,10947.27,182,"Medium Value"
232,50,Male,Kolkata,Salary,6,Y,50000.00,N,12,163787.00,13648.92,183,"Medium Value"
697,54,Male,Kolkata,Current,6,N,50000.00,Y,14,163787.00,11699.07,183,"Medium Value"
226,22,Male,Bangalore,Savings,11,Y,0.00,Y,15,163751.00,10916.73,185,"Medium Value"
3,32,Female,Bangalore,Salary,9,Y,0.00,Y,11,163716.00,14883.27,186,"Medium Value"
700,44,Female,Chennai,Current,3,N,0.00,Y,14,163630.00,11687.86,187,"Medium Value"
158,46,Male,Bangalore,Current,6,N,50000.00,Y,14,163627.00,11687.64,188,"Medium Value"
676,18,Female,Pune,Savings,7,N,100000.00,N,14,163137.00,11652.64,189,"Medium Value"
357,48,Male,Mumbai,Current,9,Y,0.00,N,11,162788.00,14798.91,190,"Medium Value"
615,46,Male,Hyderabad,Current,0,Y,0.00,N,10,162301.00,16230.10,191,"Medium Value"
282,25,Female,Kolkata,Current,4,Y,100000.00,N,11,162170.00,14742.73,192,"Medium Value"
249,57,Female,Delhi,Current,11,Y,100000.00,N,10,162073.00,16207.30,193,"Medium Value"
62,21,Male,Pune,Current,8,Y,0.00,N,12,161673.00,13472.75,194,"Medium Value"
213,18,Female,Hyderabad,Salary,8,Y,100000.00,Y,11,161238.00,14658.00,195,"Medium Value"
31,59,Male,Pune,Salary,12,Y,0.00,N,12,161186.00,13432.17,196,"Medium Value"
10,28,Female,Chennai,Savings,2,Y,0.00,Y,11,160723.00,14611.18,197,"Medium Value"
233,26,Male,Pune,Savings,3,Y,0.00,Y,10,160493.00,16049.30,198,"Medium Value"
402,42,Female,Hyderabad,Savings,3,Y,0.00,N,12,159938.00,13328.17,199,"Medium Value"
740,45,Male,Mumbai,Salary,6,Y,0.00,N,11,159869.00,14533.55,200,"Medium Value"
234,23,Female,Pune,Savings,6,Y,50000.00,N,13,159293.00,12253.31,201,"Medium Value"
573,31,Female,Delhi,Salary,12,N,0.00,N,16,158899.00,9931.19,202,"Medium Value"
260,59,Male,Mumbai,Savings,7,N,200000.00,N,10,158663.00,15866.30,203,"Medium Value"
65,59,Female,Kolkata,Savings,13,Y,150000.00,N,12,158218.00,13184.83,204,"Medium Value"
720,22,Male,Pune,Savings,2,Y,0.00,N,11,157999.00,14363.55,205,"Medium Value"
92,32,Female,Mumbai,Current,1,N,100000.00,N,10,157967.00,15796.70,206,"Medium Value"
556,52,Male,Chennai,Savings,5,Y,50000.00,Y,12,157273.00,13106.08,207,"Medium Value"
90,58,Male,Bangalore,Salary,10,N,50000.00,N,13,156765.00,12058.85,208,"Medium Value"
344,46,Male,Kolkata,Current,8,Y,100000.00,N,12,156730.00,13060.83,209,"Medium Value"
471,56,Male,Chennai,Savings,6,Y,0.00,N,10,156605.00,15660.50,210,"Medium Value"
637,36,Female,Bangalore,Salary,6,Y,0.00,N,16,156099.00,9756.19,211,"Medium Value"
428,36,Female,Hyderabad,Salary,0,N,0.00,Y,11,155964.00,14178.55,212,"Medium Value"
554,40,Male,Bangalore,Savings,7,N,100000.00,N,11,155908.00,14173.45,213,"Medium Value"
477,27,Male,Pune,Salary,6,N,50000.00,N,11,155623.00,14147.55,214,"Medium Value"
728,43,Male,Delhi,Savings,9,Y,0.00,N,14,155075.00,11076.79,215,"Medium Value"
162,24,Female,Mumbai,Salary,1,Y,100000.00,N,11,154997.00,14090.64,216,"Medium Value"
19,41,Male,Mumbai,Current,0,Y,0.00,N,13,154868.00,11912.92,217,"Medium Value"
460,45,Female,Pune,Savings,8,N,0.00,N,9,154260.00,17140.00,218,"Medium Value"
383,30,Male,Chennai,Salary,12,Y,50000.00,Y,10,154107.00,15410.70,219,"Medium Value"
521,43,Male,Pune,Savings,12,Y,150000.00,N,13,154081.00,11852.38,220,"Medium Value"
663,38,Male,Kolkata,Savings,13,Y,200000.00,N,12,153730.00,12810.83,221,"Medium Value"
711,23,Male,Kolkata,Current,2,Y,100000.00,N,11,153518.00,13956.18,222,"Medium Value"
652,42,Female,Bangalore,Salary,0,Y,0.00,N,12,153392.00,12782.67,223,"Medium Value"
306,25,Female,Bangalore,Savings,3,Y,0.00,N,11,153237.00,13930.64,224,"Medium Value"
749,54,Female,Bangalore,Salary,5,N,50000.00,N,10,153034.00,15303.40,225,"Medium Value"
739,23,Female,Delhi,Current,8,Y,100000.00,Y,13,152712.00,11747.08,226,"Medium Value"
95,42,Female,Hyderabad,Savings,8,Y,0.00,N,12,152628.00,12719.00,227,"Medium Value"
303,31,Male,Delhi,Current,13,Y,0.00,N,10,152513.00,15251.30,228,"Medium Value"
21,47,Female,Hyderabad,Current,12,N,50000.00,Y,11,151704.00,13791.27,229,"Medium Value"
278,41,Male,Delhi,Savings,11,N,0.00,N,13,151417.00,11647.46,230,"Medium Value"
679,40,Male,Kolkata,Current,12,N,0.00,N,9,151412.00,16823.56,231,"Medium Value"
551,54,Male,Bangalore,Savings,12,N,0.00,N,12,151178.00,12598.17,232,"Medium Value"
169,45,Female,Bangalore,Current,4,N,150000.00,N,10,151141.00,15114.10,233,"Medium Value"
58,31,Male,Delhi,Savings,8,Y,0.00,Y,11,151076.00,13734.18,234,"Medium Value"
138,31,Female,Mumbai,Current,0,Y,0.00,N,12,150983.00,12581.92,235,"Medium Value"
771,51,Female,Pune,Current,8,Y,0.00,N,9,150170.00,16685.56,236,"Medium Value"
687,29,Male,Chennai,Savings,9,N,0.00,N,13,150042.00,11541.69,237,"Medium Value"
422,52,Male,Delhi,Current,2,N,0.00,N,10,150011.00,15001.10,238,"Medium Value"
389,25,Female,Kolkata,Salary,11,N,100000.00,Y,13,150002.00,11538.62,239,"Medium Value"
369,19,Male,Chennai,Current,10,Y,50000.00,N,11,149936.00,13630.55,240,"Medium Value"
81,38,Male,Mumbai,Salary,9,N,100000.00,N,11,149752.00,13613.82,241,"Medium Value"
682,27,Male,Delhi,Savings,0,Y,0.00,N,11,149594.00,13599.45,242,"Medium Value"
566,29,Female,Mumbai,Savings,5,N,150000.00,N,13,149477.00,11498.23,243,"Medium Value"
712,35,Female,Chennai,Current,14,N,100000.00,N,10,149274.00,14927.40,244,"Medium Value"
514,29,Female,Bangalore,Salary,13,Y,50000.00,Y,11,148614.00,13510.36,245,"Medium Value"
300,50,Female,Mumbai,Salary,6,Y,150000.00,Y,11,147898.00,13445.27,246,"Medium Value"
172,61,Female,Delhi,Current,5,N,0.00,Y,12,147828.00,12319.00,247,"Medium Value"
410,50,Male,Pune,Current,2,Y,50000.00,Y,11,147563.00,13414.82,248,"Medium Value"
117,29,Male,Mumbai,Current,13,N,0.00,N,10,147229.00,14722.90,249,"Medium Value"
699,53,Female,Mumbai,Savings,14,Y,200000.00,N,11,147145.00,13376.82,250,"Medium Value"
109,22,Female,Delhi,Salary,7,N,0.00,N,10,147030.00,14703.00,251,"Medium Value"
277,37,Male,Delhi,Current,0,Y,0.00,Y,11,146231.00,13293.73,252,"Medium Value"
468,43,Male,Pune,Savings,11,Y,0.00,N,10,146226.00,14622.60,253,"Medium Value"
487,62,Female,Chennai,Savings,12,N,0.00,N,9,146195.00,16243.89,254,"Medium Value"
218,49,Female,Hyderabad,Current,0,Y,0.00,Y,11,145999.00,13272.64,255,"Medium Value"
199,58,Female,Kolkata,Current,13,Y,0.00,N,10,145997.00,14599.70,256,"Medium Value"
59,34,Female,Pune,Current,14,N,50000.00,N,12,145892.00,12157.67,257,"Medium Value"
215,19,Male,Kolkata,Current,9,Y,0.00,N,15,145771.00,9718.07,258,"Medium Value"
529,24,Male,Bangalore,Savings,1,N,100000.00,Y,12,145768.00,12147.33,259,"Medium Value"
80,57,Male,Pune,Current,14,N,0.00,Y,10,145032.00,14503.20,260,"Medium Value"
269,54,Female,Bangalore,Savings,2,Y,50000.00,N,11,144544.00,13140.36,261,"Medium Value"
88,42,Male,Hyderabad,Salary,3,N,0.00,N,14,144357.00,10311.21,262,"Medium Value"
604,34,Female,Pune,Current,5,Y,0.00,Y,12,144160.00,12013.33,263,"Medium Value"
646,58,Male,Kolkata,Savings,8,N,0.00,N,12,144048.00,12004.00,264,"Medium Value"
443,42,Female,Chennai,Current,13,N,0.00,Y,12,143971.00,11997.58,265,"Medium Value"
342,54,Male,Chennai,Current,11,Y,0.00,N,11,143450.00,13040.91,266,"Medium Value"
657,62,Male,Hyderabad,Current,6,Y,50000.00,N,13,142805.00,10985.00,267,"Medium Value"
304,38,Female,Hyderabad,Current,12,Y,0.00,N,12,142640.00,11886.67,268,"Medium Value"
128,52,Female,Hyderabad,Savings,7,N,50000.00,N,13,142575.00,10967.31,269,"Medium Value"
324,47,Female,Chennai,Current,13,Y,0.00,N,12,142440.00,11870.00,270,"Medium Value"
658,49,Male,Chennai,Savings,6,N,0.00,N,11,142407.00,12946.09,271,"Medium Value"
99,18,Female,Chennai,Current,0,N,150000.00,N,11,142252.00,12932.00,272,"Medium Value"
577,33,Male,Kolkata,Salary,6,Y,0.00,N,9,141945.00,15771.67,273,"Medium Value"
292,35,Female,Hyderabad,Salary,8,Y,100000.00,N,10,141850.00,14185.00,274,"Medium Value"
511,61,Male,Mumbai,Salary,1,Y,0.00,N,10,141775.00,14177.50,275,"Medium Value"
74,31,Female,Hyderabad,Savings,6,N,0.00,Y,13,141532.00,10887.08,276,"Medium Value"
7,56,Male,Chennai,Savings,12,Y,0.00,Y,11,141365.00,12851.36,277,"Medium Value"
391,33,Male,Delhi,Current,6,Y,150000.00,N,9,141092.00,15676.89,278,"Medium Value"
459,31,Male,Kolkata,Salary,5,N,0.00,Y,10,140870.00,14087.00,279,"Medium Value"
118,51,Male,Pune,Current,8,N,200000.00,N,12,140605.00,11717.08,280,"Medium Value"
531,62,Male,Kolkata,Savings,14,Y,200000.00,N,11,140375.00,12761.36,281,"Medium Value"
557,58,Female,Mumbai,Savings,11,Y,150000.00,Y,10,140305.00,14030.50,282,"Medium Value"
309,34,Male,Chennai,Salary,9,Y,150000.00,N,12,140227.00,11685.58,283,"Medium Value"
187,25,Male,Pune,Current,10,Y,0.00,Y,11,139906.00,12718.73,284,"Medium Value"
778,47,Male,Mumbai,Savings,5,Y,0.00,N,12,139475.00,11622.92,285,"Medium Value"
671,64,Male,Mumbai,Savings,7,N,50000.00,N,9,139411.00,15490.11,286,"Medium Value"
695,45,Female,Mumbai,Salary,12,Y,50000.00,N,12,139340.00,11611.67,287,"Medium Value"
276,20,Male,Hyderabad,Salary,5,N,50000.00,N,11,139243.00,12658.45,288,"Medium Value"
555,42,Male,Hyderabad,Salary,11,N,100000.00,Y,11,139225.00,12656.82,289,"Medium Value"
202,19,Male,Kolkata,Savings,14,N,150000.00,N,9,139047.00,15449.67,290,"Medium Value"
296,52,Female,Hyderabad,Salary,6,Y,0.00,N,11,138350.00,12577.27,291,"Medium Value"
289,52,Male,Chennai,Current,13,N,50000.00,Y,13,138245.00,10634.23,292,"Medium Value"
701,34,Male,Kolkata,Savings,1,N,150000.00,N,10,138166.00,13816.60,293,"Medium Value"
280,41,Male,Chennai,Savings,6,N,50000.00,N,11,138024.00,12547.64,294,"Medium Value"
743,48,Female,Kolkata,Current,3,N,50000.00,N,13,138015.00,10616.54,295,"Medium Value"
52,64,Female,Bangalore,Savings,8,Y,0.00,N,13,137745.00,10595.77,296,"Medium Value"
705,30,Female,Hyderabad,Salary,13,N,50000.00,N,10,137741.00,13774.10,297,"Medium Value"
478,22,Male,Delhi,Savings,8,Y,50000.00,N,10,137421.00,13742.10,298,"Medium Value"
132,64,Male,Mumbai,Salary,8,N,50000.00,N,13,137168.00,10551.38,299,"Medium Value"
268,22,Female,Delhi,Salary,6,Y,50000.00,Y,13,137084.00,10544.92,300,"Medium Value"
398,19,Male,Chennai,Current,6,N,100000.00,Y,11,136899.00,12445.36,301,"Medium Value"
723,35,Female,Delhi,Salary,6,N,50000.00,N,13,136676.00,10513.54,302,"Medium Value"
586,56,Female,Mumbai,Savings,11,Y,0.00,N,13,136662.00,10512.46,303,"Medium Value"
482,27,Female,Pune,Current,3,N,0.00,N,12,136394.00,11366.17,304,"Medium Value"
543,52,Male,Bangalore,Salary,8,N,0.00,N,12,136198.00,11349.83,305,"Medium Value"
472,53,Female,Kolkata,Salary,13,Y,0.00,Y,11,136085.00,12371.36,306,"Medium Value"
175,28,Female,Kolkata,Salary,9,Y,100000.00,N,10,135778.00,13577.80,307,"Medium Value"
761,21,Male,Delhi,Salary,6,Y,0.00,Y,13,135629.00,10433.00,308,"Medium Value"
82,33,Male,Hyderabad,Current,8,Y,0.00,Y,12,135475.00,11289.58,309,"Medium Value"
678,33,Male,Chennai,Salary,4,Y,50000.00,N,10,135271.00,13527.10,310,"Medium Value"
684,33,Female,Mumbai,Salary,9,N,50000.00,N,10,135067.00,13506.70,311,"Medium Value"
722,18,Female,Bangalore,Salary,8,Y,0.00,N,8,135056.00,16882.00,312,"Medium Value"
191,50,Female,Chennai,Savings,14,Y,100000.00,N,8,134976.00,16872.00,313,"Medium Value"
67,46,Male,Mumbai,Savings,11,Y,50000.00,N,10,134971.00,13497.10,314,"Medium Value"
2,46,Female,Hyderabad,Current,8,N,50000.00,N,9,134844.00,14982.67,315,"Medium Value"
365,40,Female,Mumbai,Savings,2,N,0.00,N,14,134682.00,9620.14,316,"Medium Value"
53,24,Male,Pune,Salary,5,Y,0.00,N,10,134632.00,13463.20,317,"Medium Value"
651,45,Male,Chennai,Salary,8,Y,0.00,Y,10,134613.00,13461.30,318,"Medium Value"
405,59,Male,Hyderabad,Current,14,N,0.00,Y,10,134207.00,13420.70,319,"Medium Value"
219,23,Female,Kolkata,Savings,14,N,200000.00,Y,8,134087.00,16760.88,320,"Medium Value"
758,18,Female,Chennai,Current,2,N,150000.00,Y,9,134057.00,14895.22,321,"Medium Value"
237,20,Female,Delhi,Salary,1,N,100000.00,N,13,133227.00,10248.23,322,"Medium Value"
266,18,Male,Hyderabad,Current,11,Y,0.00,N,13,133226.00,10248.15,323,"Medium Value"
570,26,Male,Pune,Current,5,Y,50000.00,N,9,132915.00,14768.33,324,"Medium Value"
168,23,Male,Hyderabad,Current,9,Y,0.00,Y,10,132862.00,13286.20,325,"Medium Value"
747,40,Male,Chennai,Savings,1,N,150000.00,Y,10,132750.00,13275.00,326,"Medium Value"
618,36,Female,Delhi,Current,13,N,150000.00,N,12,132715.00,11059.58,327,"Medium Value"
545,35,Male,Mumbai,Salary,2,N,0.00,N,11,132690.00,12062.73,328,"Medium Value"
594,40,Male,Pune,Savings,7,Y,50000.00,Y,10,132454.00,13245.40,329,"Medium Value"
708,30,Male,Hyderabad,Savings,3,N,50000.00,N,11,132329.00,12029.91,330,"Medium Value"
275,33,Male,Bangalore,Savings,7,Y,50000.00,N,12,132214.00,11017.83,331,"Medium Value"
567,58,Female,Pune,Savings,7,N,150000.00,N,11,132171.00,12015.55,332,"Medium Value"
775,61,Female,Delhi,Savings,5,N,0.00,N,10,131927.00,13192.70,333,"Medium Value"
581,42,Female,Pune,Current,5,N,0.00,Y,12,131786.00,10982.17,334,"Medium Value"
455,33,Male,Delhi,Current,13,N,0.00,N,12,131753.00,10979.42,335,"Medium Value"
87,43,Male,Pune,Salary,12,Y,0.00,N,11,131662.00,11969.27,336,"Medium Value"
766,45,Female,Hyderabad,Salary,4,Y,0.00,N,14,131462.00,9390.14,337,"Medium Value"
308,20,Female,Delhi,Savings,5,N,50000.00,Y,9,131329.00,14592.11,338,"Medium Value"
270,49,Male,Mumbai,Current,12,Y,0.00,N,11,131229.00,11929.91,339,"Medium Value"
517,19,Female,Kolkata,Current,7,Y,50000.00,N,10,131121.00,13112.10,340,"Medium Value"
154,56,Male,Hyderabad,Savings,11,Y,100000.00,N,12,131109.00,10925.75,341,"Medium Value"
563,30,Female,Mumbai,Salary,9,Y,50000.00,Y,8,130743.00,16342.88,342,"Medium Value"
329,22,Female,Mumbai,Savings,12,Y,200000.00,Y,11,130682.00,11880.18,343,"Medium Value"
441,51,Female,Kolkata,Current,4,Y,0.00,N,10,130601.00,13060.10,344,"Medium Value"
800,41,Female,Mumbai,Salary,6,Y,0.00,Y,10,130519.00,13051.90,345,"Medium Value"
727,38,Female,Mumbai,Salary,8,N,0.00,N,10,130506.00,13050.60,346,"Medium Value"
427,47,Female,Pune,Savings,2,Y,50000.00,Y,11,130291.00,11844.64,347,"Medium Value"
636,43,Female,Hyderabad,Current,9,N,0.00,N,7,130230.00,18604.29,348,"Medium Value"
473,50,Male,Bangalore,Salary,14,Y,0.00,N,9,130192.00,14465.78,349,"Medium Value"
84,35,Male,Mumbai,Current,5,Y,50000.00,N,11,129787.00,11798.82,350,"Medium Value"
393,29,Female,Mumbai,Current,8,Y,0.00,N,13,129100.00,9930.77,351,"Medium Value"
354,35,Female,Bangalore,Current,4,Y,0.00,N,7,128898.00,18414.00,352,"Medium Value"
323,38,Female,Kolkata,Salary,13,Y,200000.00,N,9,128862.00,14318.00,353,"Medium Value"
508,57,Male,Kolkata,Savings,3,N,50000.00,N,9,128783.00,14309.22,354,"Medium Value"
104,34,Female,Mumbai,Savings,14,N,100000.00,N,13,128725.00,9901.92,355,"Medium Value"
509,27,Female,Hyderabad,Salary,11,N,100000.00,N,12,128334.00,10694.50,356,"Medium Value"
394,40,Male,Kolkata,Savings,3,Y,0.00,N,12,128229.00,10685.75,357,"Medium Value"
200,29,Male,Pune,Savings,3,Y,0.00,N,11,128158.00,11650.73,358,"Medium Value"
337,46,Female,Hyderabad,Current,11,N,0.00,N,11,128105.00,11645.91,359,"Medium Value"
366,19,Female,Bangalore,Current,14,N,50000.00,N,8,127880.00,15985.00,360,"Medium Value"
216,61,Female,Hyderabad,Salary,11,Y,50000.00,N,10,127806.00,12780.60,361,"Medium Value"
432,43,Female,Mumbai,Salary,6,N,0.00,N,7,127762.00,18251.71,362,"Medium Value"
553,30,Female,Kolkata,Savings,14,N,50000.00,N,10,127578.00,12757.80,363,"Medium Value"
334,61,Male,Mumbai,Savings,5,N,0.00,Y,14,127129.00,9080.64,364,"Medium Value"
209,40,Female,Chennai,Savings,11,N,150000.00,N,12,126729.00,10560.75,365,"Medium Value"
639,20,Female,Delhi,Savings,4,N,100000.00,Y,12,126710.00,10559.17,366,"Medium Value"
141,26,Male,Delhi,Savings,3,N,100000.00,N,13,126601.00,9738.54,367,"Medium Value"
689,45,Male,Hyderabad,Current,7,Y,0.00,N,10,126338.00,12633.80,368,"Medium Value"
125,57,Female,Hyderabad,Savings,6,N,0.00,N,10,126138.00,12613.80,369,"Medium Value"
4,60,Male,Mumbai,Salary,4,N,0.00,N,8,125848.00,15731.00,370,"Medium Value"
790,51,Male,Kolkata,Savings,11,Y,100000.00,N,9,125819.00,13979.89,371,"Medium Value"
616,54,Male,Bangalore,Salary,2,N,50000.00,Y,9,125694.00,13966.00,372,"Medium Value"
608,30,Female,Kolkata,Current,2,N,0.00,Y,8,125651.00,15706.38,373,"Medium Value"
621,18,Male,Pune,Savings,3,N,0.00,N,11,125295.00,11390.45,374,"Medium Value"
534,53,Male,Bangalore,Savings,3,N,0.00,N,8,125111.00,15638.88,375,"Medium Value"
525,27,Male,Bangalore,Current,11,Y,0.00,N,11,125110.00,11373.64,376,"Medium Value"
46,31,Male,Delhi,Salary,2,N,0.00,N,13,124960.00,9612.31,377,"Medium Value"
788,56,Female,Pune,Savings,9,Y,50000.00,N,10,124945.00,12494.50,378,"Medium Value"
55,25,Male,Pune,Current,11,Y,50000.00,N,8,124699.00,15587.38,379,"Medium Value"
633,56,Female,Mumbai,Savings,3,N,0.00,N,9,124609.00,13845.44,380,"Medium Value"
506,18,Male,Pune,Savings,3,N,0.00,N,10,124546.00,12454.60,381,"Medium Value"
792,51,Male,Hyderabad,Savings,1,Y,150000.00,N,11,124441.00,11312.82,382,"Medium Value"
359,57,Female,Hyderabad,Current,0,Y,0.00,N,11,124064.00,11278.55,383,"Medium Value"
666,53,Female,Mumbai,Current,12,Y,0.00,Y,14,124027.00,8859.07,384,"Medium Value"
764,49,Male,Hyderabad,Salary,9,N,50000.00,Y,9,123784.00,13753.78,385,"Medium Value"
27,39,Male,Hyderabad,Salary,13,N,0.00,Y,12,123680.00,10306.67,386,"Medium Value"
332,52,Female,Pune,Current,5,Y,150000.00,Y,10,123614.00,12361.40,387,"Medium Value"
60,53,Female,Hyderabad,Current,3,N,50000.00,N,11,123586.00,11235.09,388,"Medium Value"
96,24,Male,Mumbai,Savings,4,N,100000.00,Y,8,123376.00,15422.00,389,"Medium Value"
205,34,Male,Hyderabad,Salary,4,Y,0.00,N,11,123328.00,11211.64,390,"Medium Value"
772,20,Female,Pune,Savings,6,N,150000.00,N,9,123277.00,13697.44,391,"Medium Value"
302,50,Male,Mumbai,Salary,4,Y,50000.00,N,9,123177.00,13686.33,392,"Medium Value"
186,23,Female,Bangalore,Savings,11,N,50000.00,Y,11,123040.00,11185.45,393,"Medium Value"
8,36,Male,Delhi,Current,9,Y,150000.00,Y,11,122984.00,11180.36,394,"Medium Value"
212,50,Female,Chennai,Current,12,N,200000.00,Y,9,122739.00,13637.67,395,"Medium Value"
731,44,Female,Pune,Savings,10,Y,200000.00,N,10,122696.00,12269.60,396,"Medium Value"
467,33,Male,Mumbai,Salary,8,N,100000.00,N,12,122590.00,10215.83,397,"Medium Value"
709,63,Male,Bangalore,Savings,1,Y,50000.00,N,9,122545.00,13616.11,398,"Medium Value"
343,41,Male,Mumbai,Savings,11,Y,200000.00,Y,10,122331.00,12233.10,399,"Medium Value"
785,31,Male,Mumbai,Salary,8,N,50000.00,N,13,122264.00,9404.92,400,"Medium Value"
9,40,Male,Delhi,Savings,1,Y,200000.00,N,9,121968.00,13552.00,401,"Medium Value"
73,53,Male,Bangalore,Salary,2,Y,50000.00,N,10,121329.00,12132.90,402,"Medium Value"
426,59,Male,Pune,Current,1,N,200000.00,N,10,121227.00,12122.70,403,"Medium Value"
626,62,Male,Pune,Current,5,Y,0.00,N,11,121126.00,11011.45,404,"Medium Value"
675,48,Male,Mumbai,Savings,7,Y,0.00,Y,9,121039.00,13448.78,405,"Medium Value"
201,56,Male,Pune,Current,5,N,0.00,Y,9,121024.00,13447.11,406,"Medium Value"
155,62,Male,Kolkata,Current,9,N,50000.00,N,10,120682.00,12068.20,407,"Medium Value"
230,28,Female,Hyderabad,Current,2,N,0.00,Y,9,120675.00,13408.33,408,"Medium Value"
596,60,Male,Chennai,Current,5,N,150000.00,N,12,120573.00,10047.75,409,"Medium Value"
380,52,Male,Chennai,Salary,2,Y,0.00,N,10,120463.00,12046.30,410,"Medium Value"
171,61,Male,Bangalore,Savings,1,Y,0.00,Y,11,120170.00,10924.55,411,"Medium Value"
17,39,Female,Mumbai,Current,12,Y,50000.00,N,11,120099.00,10918.09,412,"Medium Value"
49,19,Male,Hyderabad,Savings,8,N,0.00,Y,10,120030.00,12003.00,413,"Medium Value"
375,60,Male,Kolkata,Current,11,N,0.00,N,10,119976.00,11997.60,414,"Medium Value"
558,47,Male,Kolkata,Savings,13,N,100000.00,N,13,119719.00,9209.15,415,"Medium Value"
786,19,Female,Hyderabad,Salary,4,Y,0.00,N,9,119604.00,13289.33,416,"Medium Value"
600,29,Female,Kolkata,Current,1,N,100000.00,N,9,119401.00,13266.78,417,"Medium Value"
448,56,Female,Delhi,Salary,13,N,0.00,N,8,119194.00,14899.25,418,"Medium Value"
454,43,Female,Delhi,Current,7,Y,0.00,N,10,119127.00,11912.70,419,"Medium Value"
156,32,Male,Hyderabad,Salary,10,N,50000.00,N,10,118588.00,11858.80,420,"Medium Value"
768,25,Female,Bangalore,Savings,0,Y,100000.00,N,9,117551.00,13061.22,421,"Low Value"
222,28,Female,Mumbai,Current,7,Y,100000.00,N,8,116986.00,14623.25,422,"Low Value"
403,39,Female,Chennai,Current,9,N,0.00,N,13,116964.00,8997.23,423,"Low Value"
445,62,Male,Hyderabad,Salary,2,Y,100000.00,Y,10,116883.00,11688.30,424,"Low Value"
173,37,Female,Hyderabad,Savings,8,Y,50000.00,N,10,116882.00,11688.20,425,"Low Value"
231,33,Female,Hyderabad,Savings,5,Y,100000.00,N,9,116730.00,12970.00,426,"Low Value"
97,26,Male,Pune,Salary,3,Y,0.00,N,9,116720.00,12968.89,427,"Low Value"
439,18,Female,Delhi,Savings,13,N,0.00,N,10,116663.00,11666.30,428,"Low Value"
498,29,Female,Kolkata,Savings,10,N,0.00,N,11,116178.00,10561.64,429,"Low Value"
493,45,Male,Bangalore,Salary,0,Y,0.00,N,7,116159.00,16594.14,430,"Low Value"
435,40,Female,Chennai,Savings,1,Y,100000.00,N,9,116126.00,12902.89,431,"Low Value"
339,23,Male,Pune,Current,10,N,0.00,N,9,115745.00,12860.56,432,"Low Value"
239,53,Female,Mumbai,Salary,2,Y,100000.00,N,9,115690.00,12854.44,433,"Low Value"
179,50,Male,Kolkata,Salary,6,Y,50000.00,N,9,115206.00,12800.67,434,"Low Value"
14,57,Female,Delhi,Salary,13,Y,150000.00,N,11,115007.00,10455.18,435,"Low Value"
549,40,Female,Bangalore,Savings,0,Y,0.00,Y,9,114951.00,12772.33,436,"Low Value"
392,31,Male,Mumbai,Current,5,Y,0.00,N,9,114897.00,12766.33,437,"Low Value"
569,29,Male,Mumbai,Salary,2,N,0.00,Y,12,114517.00,9543.08,438,"Low Value"
670,35,Male,Chennai,Salary,0,Y,150000.00,N,7,114405.00,16343.57,439,"Low Value"
504,29,Male,Bangalore,Savings,13,Y,0.00,N,8,114279.00,14284.88,440,"Low Value"
44,21,Female,Hyderabad,Savings,6,N,0.00,Y,12,114057.00,9504.75,441,"Low Value"
702,26,Female,Kolkata,Current,1,N,150000.00,N,11,114030.00,10366.36,442,"Low Value"
272,58,Female,Mumbai,Savings,10,Y,0.00,N,8,113736.00,14217.00,443,"Low Value"
648,18,Male,Pune,Current,7,Y,100000.00,N,7,113343.00,16191.86,444,"Low Value"
516,63,Male,Mumbai,Current,8,Y,0.00,N,9,113325.00,12591.67,445,"Low Value"
258,48,Male,Kolkata,Salary,14,Y,50000.00,N,9,113236.00,12581.78,446,"Low Value"
401,39,Male,Chennai,Current,2,N,0.00,N,8,112865.00,14108.13,447,"Low Value"
147,49,Male,Delhi,Savings,6,N,50000.00,Y,12,112843.00,9403.58,448,"Low Value"
452,20,Female,Bangalore,Savings,8,N,0.00,Y,9,112800.00,12533.33,449,"Low Value"
63,19,Female,Hyderabad,Current,3,Y,50000.00,N,7,112747.00,16106.71,450,"Low Value"
228,23,Male,Delhi,Savings,9,Y,0.00,N,10,112285.00,11228.50,451,"Low Value"
61,57,Female,Bangalore,Current,7,Y,100000.00,N,10,112256.00,11225.60,452,"Low Value"
281,28,Male,Pune,Savings,7,N,0.00,N,10,112202.00,11220.20,453,"Low Value"
532,28,Male,Delhi,Savings,4,N,0.00,N,8,111896.00,13987.00,454,"Low Value"
756,26,Female,Bangalore,Current,13,Y,0.00,N,11,111741.00,10158.27,455,"Low Value"
122,54,Female,Pune,Current,1,Y,0.00,N,9,111715.00,12412.78,456,"Low Value"
585,33,Male,Chennai,Salary,5,N,0.00,Y,9,111591.00,12399.00,457,"Low Value"
466,29,Female,Chennai,Current,2,Y,200000.00,N,11,111555.00,10141.36,458,"Low Value"
603,61,Female,Delhi,Salary,11,Y,50000.00,N,9,111430.00,12381.11,459,"Low Value"
328,50,Male,Hyderabad,Current,11,Y,0.00,N,7,111223.00,15889.00,460,"Low Value"
242,20,Male,Delhi,Savings,10,N,50000.00,N,7,111095.00,15870.71,461,"Low Value"
780,64,Female,Mumbai,Savings,1,Y,50000.00,Y,9,110962.00,12329.11,462,"Low Value"
197,49,Female,Delhi,Salary,14,Y,0.00,N,8,110643.00,13830.38,463,"Low Value"
721,50,Female,Kolkata,Savings,14,Y,100000.00,N,7,110643.00,15806.14,463,"Low Value"
540,26,Male,Kolkata,Current,12,Y,0.00,N,11,110620.00,10056.36,465,"Low Value"
713,22,Female,Hyderabad,Current,11,N,0.00,N,9,110487.00,12276.33,466,"Low Value"
24,38,Male,Bangalore,Current,2,Y,100000.00,N,9,110390.00,12265.56,467,"Low Value"
349,38,Male,Mumbai,Savings,2,Y,0.00,N,9,110363.00,12262.56,468,"Low Value"
655,23,Female,Pune,Salary,2,Y,150000.00,N,8,110295.00,13786.88,469,"Low Value"
34,32,Male,Mumbai,Current,0,Y,0.00,N,8,110247.00,13780.88,470,"Low Value"
91,46,Male,Delhi,Savings,3,Y,100000.00,N,10,110183.00,11018.30,471,"Low Value"
362,49,Male,Delhi,Salary,3,N,0.00,N,9,109817.00,12201.89,472,"Low Value"
160,30,Male,Pune,Savings,0,N,0.00,N,8,109491.00,13686.38,473,"Low Value"
789,55,Female,Delhi,Current,13,Y,0.00,Y,7,109368.00,15624.00,474,"Low Value"
23,19,Female,Bangalore,Salary,4,Y,150000.00,N,9,109125.00,12125.00,475,"Low Value"
298,58,Male,Hyderabad,Current,14,N,50000.00,N,6,108996.00,18166.00,476,"Low Value"
159,53,Female,Chennai,Savings,5,N,50000.00,Y,8,108914.00,13614.25,477,"Low Value"
479,53,Female,Kolkata,Savings,11,N,0.00,N,12,108856.00,9071.33,478,"Low Value"
367,44,Female,Mumbai,Salary,1,Y,100000.00,N,9,108795.00,12088.33,479,"Low Value"
261,52,Female,Delhi,Salary,1,Y,200000.00,N,9,108605.00,12067.22,480,"Low Value"
152,54,Female,Kolkata,Salary,12,N,100000.00,Y,9,108348.00,12038.67,481,"Low Value"
150,21,Female,Chennai,Salary,7,Y,0.00,N,8,108016.00,13502.00,482,"Low Value"
254,28,Male,Pune,Salary,7,N,50000.00,N,10,107884.00,10788.40,483,"Low Value"
11,28,Female,Delhi,Salary,12,N,0.00,N,9,107813.00,11979.22,484,"Low Value"
624,24,Female,Hyderabad,Current,12,Y,0.00,Y,8,107703.00,13462.88,485,"Low Value"
518,52,Male,Mumbai,Current,14,N,50000.00,N,6,107666.00,17944.33,486,"Low Value"
632,61,Male,Kolkata,Savings,10,Y,50000.00,N,10,107660.00,10766.00,487,"Low Value"
425,30,Female,Pune,Salary,14,Y,150000.00,N,8,107390.00,13423.75,488,"Low Value"
6,38,Male,Pune,Current,3,N,100000.00,N,8,107382.00,13422.75,489,"Low Value"
787,28,Male,Bangalore,Salary,5,N,200000.00,Y,11,107289.00,9753.55,490,"Low Value"
322,51,Male,Delhi,Salary,9,N,50000.00,Y,7,107287.00,15326.71,491,"Low Value"
413,61,Male,Mumbai,Savings,4,Y,0.00,Y,11,107253.00,9750.27,492,"Low Value"
654,55,Male,Hyderabad,Current,4,N,0.00,N,8,107206.00,13400.75,493,"Low Value"
290,42,Female,Hyderabad,Savings,5,Y,50000.00,N,9,107134.00,11903.78,494,"Low Value"
535,42,Male,Chennai,Current,4,Y,0.00,Y,9,107034.00,11892.67,495,"Low Value"
483,36,Male,Delhi,Salary,13,Y,100000.00,Y,9,106738.00,11859.78,496,"Low Value"
710,52,Female,Kolkata,Current,4,N,0.00,N,10,106607.00,10660.70,497,"Low Value"
565,53,Female,Mumbai,Savings,12,Y,0.00,N,11,105737.00,9612.45,498,"Low Value"
686,55,Female,Hyderabad,Savings,11,N,0.00,N,7,105704.00,15100.57,499,"Low Value"
571,24,Male,Chennai,Salary,3,N,0.00,N,9,105649.00,11738.78,500,"Low Value"
45,42,Male,Chennai,Current,1,Y,0.00,N,8,105560.00,13195.00,501,"Low Value"
496,37,Male,Pune,Savings,8,Y,0.00,N,10,105560.00,10556.00,501,"Low Value"
327,64,Male,Delhi,Savings,12,N,0.00,Y,10,105507.00,10550.70,503,"Low Value"
469,43,Female,Chennai,Salary,3,Y,100000.00,N,7,105435.00,15062.14,504,"Low Value"
609,57,Female,Delhi,Current,11,N,50000.00,N,8,105394.00,13174.25,505,"Low Value"
193,61,Female,Mumbai,Current,6,N,100000.00,N,8,105365.00,13170.63,506,"Low Value"
188,44,Female,Bangalore,Current,9,N,50000.00,N,10,105225.00,10522.50,507,"Low Value"
588,59,Female,Kolkata,Savings,7,Y,150000.00,N,9,105089.00,11676.56,508,"Low Value"
37,20,Male,Chennai,Salary,4,Y,50000.00,N,7,104647.00,14949.57,509,"Low Value"
288,42,Male,Hyderabad,Salary,5,Y,100000.00,N,10,104600.00,10460.00,510,"Low Value"
440,64,Male,Bangalore,Current,3,Y,150000.00,N,10,104596.00,10459.60,511,"Low Value"
537,53,Female,Kolkata,Savings,11,Y,0.00,N,9,104526.00,11614.00,512,"Low Value"
317,55,Male,Bangalore,Salary,0,Y,0.00,Y,12,104468.00,8705.67,513,"Low Value"
20,61,Female,Mumbai,Savings,10,Y,150000.00,Y,12,104375.00,8697.92,514,"Low Value"
481,48,Female,Chennai,Savings,14,Y,50000.00,N,8,104342.00,13042.75,515,"Low Value"
331,21,Female,Delhi,Current,3,Y,150000.00,N,8,104335.00,13041.88,516,"Low Value"
220,49,Male,Mumbai,Current,1,Y,0.00,N,6,104303.00,17383.83,517,"Low Value"
495,44,Male,Kolkata,Salary,3,N,100000.00,N,8,104192.00,13024.00,518,"Low Value"
523,46,Female,Delhi,Savings,0,N,100000.00,N,9,103937.00,11548.56,519,"Low Value"
431,45,Female,Chennai,Salary,10,N,0.00,N,9,103839.00,11537.67,520,"Low Value"
378,59,Female,Chennai,Current,14,Y,100000.00,N,10,103554.00,10355.40,521,"Low Value"
564,36,Male,Kolkata,Salary,3,Y,0.00,N,6,103413.00,17235.50,522,"Low Value"
638,56,Female,Delhi,Salary,4,Y,0.00,N,9,103310.00,11478.89,523,"Low Value"
177,42,Male,Chennai,Salary,2,N,100000.00,N,7,103168.00,14738.29,524,"Low Value"
526,43,Male,Bangalore,Savings,2,Y,200000.00,N,8,102819.00,12852.38,525,"Low Value"
759,62,Male,Chennai,Current,10,N,0.00,Y,9,102791.00,11421.22,526,"Low Value"
542,52,Male,Chennai,Salary,12,N,150000.00,N,9,102678.00,11408.67,527,"Low Value"
129,18,Female,Mumbai,Savings,0,Y,100000.00,Y,8,102611.00,12826.38,528,"Low Value"
738,38,Female,Pune,Savings,8,Y,0.00,Y,10,102363.00,10236.30,529,"Low Value"
673,31,Male,Mumbai,Salary,2,N,0.00,N,10,102327.00,10232.70,530,"Low Value"
677,20,Male,Mumbai,Salary,12,Y,100000.00,N,9,102309.00,11367.67,531,"Low Value"
372,57,Female,Kolkata,Savings,5,Y,50000.00,N,8,102052.00,12756.50,532,"Low Value"
348,50,Male,Pune,Salary,5,Y,100000.00,Y,9,101998.00,11333.11,533,"Low Value"
489,33,Male,Delhi,Current,7,N,100000.00,Y,6,101953.00,16992.17,534,"Low Value"
777,47,Male,Chennai,Salary,4,Y,50000.00,N,8,101510.00,12688.75,535,"Low Value"
575,36,Male,Delhi,Salary,3,Y,0.00,N,11,101284.00,9207.64,536,"Low Value"
748,54,Female,Kolkata,Salary,12,N,0.00,Y,6,101284.00,16880.67,536,"Low Value"
470,38,Female,Delhi,Current,12,N,0.00,N,9,101206.00,11245.11,538,"Low Value"
390,63,Female,Mumbai,Current,14,Y,200000.00,N,7,101089.00,14441.29,539,"Low Value"
264,43,Female,Delhi,Salary,3,Y,100000.00,Y,9,100951.00,11216.78,540,"Low Value"
450,39,Female,Kolkata,Savings,3,Y,0.00,N,8,100835.00,12604.38,541,"Low Value"
782,32,Female,Pune,Salary,2,Y,100000.00,N,8,100815.00,12601.88,542,"Low Value"
245,49,Female,Mumbai,Savings,9,Y,150000.00,N,6,100663.00,16777.17,543,"Low Value"
423,57,Male,Hyderabad,Current,11,N,100000.00,N,7,100642.00,14377.43,544,"Low Value"
610,59,Female,Mumbai,Savings,9,Y,100000.00,N,9,100499.00,11166.56,545,"Low Value"
641,30,Female,Mumbai,Salary,13,Y,0.00,N,7,100473.00,14353.29,546,"Low Value"
634,44,Female,Delhi,Salary,11,Y,100000.00,N,8,100256.00,12532.00,547,"Low Value"
184,20,Male,Kolkata,Savings,7,Y,0.00,Y,7,100113.00,14301.86,548,"Low Value"
515,48,Male,Hyderabad,Savings,5,Y,150000.00,Y,6,100101.00,16683.50,549,"Low Value"
622,39,Male,Kolkata,Salary,7,N,200000.00,N,10,99972.00,9997.20,550,"Low Value"
661,38,Female,Chennai,Current,12,N,0.00,N,11,99604.00,9054.91,551,"Low Value"
284,55,Male,Hyderabad,Salary,10,N,50000.00,Y,8,99399.00,12424.88,552,"Low Value"
240,36,Male,Bangalore,Salary,4,N,0.00,N,8,99214.00,12401.75,553,"Low Value"
301,21,Male,Delhi,Current,4,Y,50000.00,N,6,99178.00,16529.67,554,"Low Value"
279,50,Male,Mumbai,Salary,0,Y,50000.00,N,11,98947.00,8995.18,555,"Low Value"
635,27,Male,Kolkata,Current,0,Y,100000.00,N,10,98917.00,9891.70,556,"Low Value"
465,22,Male,Bangalore,Salary,9,N,50000.00,N,8,98912.00,12364.00,557,"Low Value"
436,26,Female,Kolkata,Salary,7,Y,0.00,Y,8,98761.00,12345.13,558,"Low Value"
784,38,Male,Chennai,Salary,6,Y,0.00,Y,9,98598.00,10955.33,559,"Low Value"
170,45,Male,Kolkata,Savings,4,N,50000.00,N,9,98595.00,10955.00,560,"Low Value"
35,64,Female,Hyderabad,Savings,4,Y,100000.00,Y,6,98563.00,16427.17,561,"Low Value"
494,49,Male,Kolkata,Current,7,Y,0.00,N,7,98302.00,14043.14,562,"Low Value"
28,61,Female,Delhi,Savings,9,Y,50000.00,N,7,98259.00,14037.00,563,"Low Value"
501,50,Female,Chennai,Current,8,Y,50000.00,Y,8,98108.00,12263.50,564,"Low Value"
314,63,Female,Hyderabad,Current,4,Y,150000.00,Y,8,97864.00,12233.00,565,"Low Value"
252,57,Male,Hyderabad,Savings,4,N,0.00,N,6,97304.00,16217.33,566,"Low Value"
484,49,Male,Hyderabad,Current,7,N,0.00,Y,8,97294.00,12161.75,567,"Low Value"
539,54,Female,Kolkata,Current,4,N,150000.00,N,8,97094.00,12136.75,568,"Low Value"
559,34,Female,Pune,Salary,14,Y,100000.00,Y,9,97072.00,10785.78,569,"Low Value"
1,56,Male,Kolkata,Savings,6,Y,50000.00,N,9,96842.00,10760.22,570,"Low Value"
726,28,Male,Chennai,Current,12,N,0.00,N,8,96805.00,12100.63,571,"Low Value"
247,58,Male,Kolkata,Current,7,N,50000.00,N,5,96674.00,19334.80,572,"Low Value"
227,51,Female,Mumbai,Salary,0,N,0.00,Y,9,96125.00,10680.56,573,"Low Value"
631,36,Female,Mumbai,Current,7,N,0.00,Y,8,96092.00,12011.50,574,"Low Value"
238,37,Female,Chennai,Salary,10,N,50000.00,N,8,95919.00,11989.88,575,"Low Value"
736,52,Female,Pune,Savings,2,Y,100000.00,N,7,95774.00,13682.00,576,"Low Value"
224,55,Male,Mumbai,Salary,2,Y,200000.00,N,6,95656.00,15942.67,577,"Low Value"
497,41,Female,Bangalore,Savings,13,Y,100000.00,Y,10,95621.00,9562.10,578,"Low Value"
32,45,Male,Delhi,Current,4,N,0.00,Y,9,95560.00,10617.78,579,"Low Value"
182,30,Male,Bangalore,Salary,7,Y,50000.00,N,8,95320.00,11915.00,580,"Low Value"
690,25,Female,Mumbai,Current,8,Y,100000.00,Y,8,94898.00,11862.25,581,"Low Value"
355,42,Female,Bangalore,Salary,11,N,50000.00,N,8,94685.00,11835.63,582,"Low Value"
134,20,Male,Kolkata,Salary,11,Y,0.00,N,11,94653.00,8604.82,583,"Low Value"
256,42,Female,Bangalore,Current,8,N,150000.00,N,8,94437.00,11804.63,584,"Low Value"
582,38,Female,Pune,Current,11,N,0.00,N,8,94241.00,11780.13,585,"Low Value"
458,46,Female,Chennai,Savings,6,N,150000.00,N,7,94210.00,13458.57,586,"Low Value"
285,57,Male,Mumbai,Savings,4,N,100000.00,N,9,93730.00,10414.44,587,"Low Value"
773,29,Female,Kolkata,Salary,7,N,150000.00,Y,5,93398.00,18679.60,588,"Low Value"
163,39,Male,Kolkata,Savings,5,Y,0.00,Y,9,93170.00,10352.22,589,"Low Value"
360,63,Female,Delhi,Salary,4,Y,0.00,N,7,92470.00,13210.00,590,"Low Value"
714,64,Male,Pune,Current,7,Y,100000.00,N,6,92354.00,15392.33,591,"Low Value"
241,43,Female,Hyderabad,Current,2,Y,100000.00,N,6,92326.00,15387.67,592,"Low Value"
107,52,Female,Kolkata,Savings,10,Y,0.00,N,10,92062.00,9206.20,593,"Low Value"
243,36,Female,Mumbai,Current,7,Y,50000.00,N,9,91865.00,10207.22,594,"Low Value"
194,41,Male,Hyderabad,Salary,4,N,0.00,N,6,91863.00,15310.50,595,"Low Value"
43,35,Female,Delhi,Current,6,Y,0.00,N,8,91618.00,11452.25,596,"Low Value"
744,22,Female,Mumbai,Current,5,Y,50000.00,N,7,91606.00,13086.57,597,"Low Value"
72,27,Female,Mumbai,Savings,6,Y,0.00,Y,8,91578.00,11447.25,598,"Low Value"
297,33,Male,Kolkata,Current,0,Y,0.00,Y,9,91550.00,10172.22,599,"Low Value"
591,48,Female,Pune,Salary,6,Y,50000.00,N,10,91547.00,9154.70,600,"Low Value"
120,40,Male,Chennai,Salary,9,N,0.00,Y,10,91416.00,9141.60,601,"Low Value"
704,37,Female,Pune,Salary,3,Y,50000.00,Y,10,91240.00,9124.00,602,"Low Value"
418,62,Male,Mumbai,Salary,11,N,50000.00,N,7,91097.00,13013.86,603,"Low Value"
123,52,Male,Bangalore,Current,4,N,0.00,N,10,90914.00,9091.40,604,"Low Value"
145,59,Female,Mumbai,Salary,6,Y,0.00,Y,7,90864.00,12980.57,605,"Low Value"
562,39,Male,Pune,Savings,2,Y,0.00,N,9,90674.00,10074.89,606,"Low Value"
22,55,Male,Bangalore,Current,2,N,100000.00,Y,7,90485.00,12926.43,607,"Low Value"
776,22,Male,Hyderabad,Current,11,Y,0.00,N,6,90330.00,15055.00,608,"Low Value"
696,45,Female,Chennai,Current,14,N,0.00,N,8,90281.00,11285.13,609,"Low Value"
505,20,Female,Chennai,Current,8,N,0.00,N,8,90209.00,11276.13,610,"Low Value"
384,24,Male,Kolkata,Savings,1,Y,50000.00,N,8,90052.00,11256.50,611,"Low Value"
683,49,Male,Delhi,Current,12,Y,0.00,Y,8,89490.00,11186.25,612,"Low Value"
694,25,Female,Delhi,Savings,13,Y,150000.00,N,9,89221.00,9913.44,613,"Low Value"
692,53,Female,Pune,Savings,13,N,0.00,N,7,89219.00,12745.57,614,"Low Value"
715,42,Male,Kolkata,Savings,3,Y,50000.00,Y,10,88969.00,8896.90,615,"Low Value"
341,58,Male,Mumbai,Salary,14,Y,0.00,N,8,88750.00,11093.75,616,"Low Value"
198,41,Male,Chennai,Current,3,N,0.00,N,8,88691.00,11086.38,617,"Low Value"
135,18,Male,Mumbai,Salary,8,N,100000.00,Y,7,88632.00,12661.71,618,"Low Value"
108,50,Male,Pune,Savings,3,Y,150000.00,N,6,88104.00,14684.00,619,"Low Value"
681,29,Female,Mumbai,Salary,12,N,0.00,N,8,87917.00,10989.63,620,"Low Value"
513,30,Male,Hyderabad,Savings,12,Y,200000.00,N,8,87435.00,10929.38,621,"Low Value"
742,22,Male,Kolkata,Current,2,N,0.00,Y,6,87275.00,14545.83,622,"Low Value"
139,56,Male,Mumbai,Salary,1,Y,100000.00,N,10,87188.00,8718.80,623,"Low Value"
116,25,Female,Delhi,Current,7,Y,100000.00,Y,6,87150.00,14525.00,624,"Low Value"
335,45,Female,Mumbai,Savings,2,N,0.00,N,6,87081.00,14513.50,625,"Low Value"
189,26,Female,Bangalore,Salary,2,Y,0.00,N,8,86985.00,10873.13,626,"Low Value"
64,23,Male,Kolkata,Salary,4,Y,0.00,N,6,86884.00,14480.67,627,"Low Value"
313,39,Male,Bangalore,Current,10,N,150000.00,Y,7,86782.00,12397.43,628,"Low Value"
512,46,Female,Delhi,Salary,8,N,0.00,N,8,86677.00,10834.63,629,"Low Value"
363,64,Male,Kolkata,Salary,1,N,0.00,N,6,86537.00,14422.83,630,"Low Value"
345,63,Male,Hyderabad,Savings,4,Y,200000.00,Y,8,86519.00,10814.88,631,"Low Value"
351,40,Female,Kolkata,Savings,11,N,0.00,N,9,86504.00,9611.56,632,"Low Value"
485,18,Male,Chennai,Current,5,Y,0.00,N,9,86114.00,9568.22,633,"Low Value"
338,63,Male,Kolkata,Savings,8,N,0.00,N,9,86010.00,9556.67,634,"Low Value"
274,36,Male,Pune,Savings,10,N,50000.00,N,8,85810.00,10726.25,635,"Low Value"
614,22,Male,Chennai,Salary,12,Y,0.00,Y,8,85778.00,10722.25,636,"Low Value"
627,21,Male,Hyderabad,Current,0,Y,50000.00,N,7,85635.00,12233.57,637,"Low Value"
251,35,Female,Kolkata,Salary,3,N,100000.00,Y,5,84619.00,16923.80,638,"Low Value"
119,50,Male,Pune,Savings,4,N,50000.00,N,7,84370.00,12052.86,639,"Low Value"
510,60,Female,Hyderabad,Savings,7,N,0.00,N,6,84247.00,14041.17,640,"Low Value"
319,25,Male,Mumbai,Salary,8,Y,200000.00,N,6,84214.00,14035.67,641,"Low Value"
741,34,Male,Delhi,Savings,11,N,200000.00,Y,7,83902.00,11986.00,642,"Low Value"
597,28,Male,Chennai,Savings,5,Y,0.00,N,9,83881.00,9320.11,643,"Low Value"
395,32,Female,Pune,Current,11,Y,100000.00,Y,10,83871.00,8387.10,644,"Low Value"
400,40,Female,Delhi,Salary,14,N,150000.00,N,6,83552.00,13925.33,645,"Low Value"
126,39,Male,Kolkata,Savings,9,N,0.00,N,8,83487.00,10435.88,646,"Low Value"
765,51,Male,Chennai,Current,4,N,0.00,N,6,83426.00,13904.33,647,"Low Value"
131,54,Male,Hyderabad,Savings,2,N,0.00,N,8,83305.00,10413.13,648,"Low Value"
660,64,Male,Chennai,Current,6,Y,0.00,Y,4,83118.00,20779.50,649,"Low Value"
625,42,Male,Hyderabad,Savings,12,N,0.00,N,6,82965.00,13827.50,650,"Low Value"
54,61,Female,Bangalore,Salary,13,Y,200000.00,N,7,82787.00,11826.71,651,"Low Value"
419,49,Female,Hyderabad,Savings,0,N,0.00,Y,6,82701.00,13783.50,652,"Low Value"
85,64,Female,Pune,Savings,11,Y,50000.00,N,8,82699.00,10337.38,653,"Low Value"
475,54,Male,Hyderabad,Current,10,Y,50000.00,N,11,82444.00,7494.91,654,"Low Value"
414,22,Female,Pune,Current,13,N,50000.00,Y,7,82017.00,11716.71,655,"Low Value"
734,51,Male,Chennai,Salary,13,Y,0.00,N,7,82001.00,11714.43,656,"Low Value"
174,47,Female,Kolkata,Current,1,Y,0.00,N,7,81816.00,11688.00,657,"Low Value"
685,25,Female,Kolkata,Salary,6,Y,50000.00,N,7,81787.00,11683.86,658,"Low Value"
225,41,Female,Bangalore,Current,7,N,0.00,Y,7,81652.00,11664.57,659,"Low Value"
490,41,Female,Chennai,Salary,0,Y,0.00,N,8,81494.00,10186.75,660,"Low Value"
548,41,Female,Mumbai,Salary,7,N,200000.00,Y,7,81479.00,11639.86,661,"Low Value"
476,40,Female,Hyderabad,Current,11,Y,150000.00,N,10,81002.00,8100.20,662,"Low Value"
607,63,Male,Mumbai,Salary,7,Y,0.00,N,8,80933.00,10116.63,663,"Low Value"
399,49,Male,Delhi,Savings,6,N,0.00,N,7,80186.00,11455.14,664,"Low Value"
755,31,Male,Bangalore,Salary,8,Y,0.00,N,7,80112.00,11444.57,665,"Low Value"
729,42,Male,Hyderabad,Current,1,N,0.00,Y,5,79814.00,15962.80,666,"Low Value"
316,55,Female,Hyderabad,Savings,2,N,100000.00,N,7,79800.00,11400.00,667,"Low Value"
669,37,Male,Bangalore,Salary,12,Y,50000.00,N,5,79650.00,15930.00,668,"Low Value"
310,50,Female,Bangalore,Salary,14,Y,150000.00,N,7,79370.00,11338.57,669,"Low Value"
767,48,Male,Bangalore,Current,13,N,0.00,N,8,79270.00,9908.75,670,"Low Value"
719,62,Female,Mumbai,Current,9,N,150000.00,N,9,79257.00,8806.33,671,"Low Value"
707,46,Female,Kolkata,Savings,14,Y,100000.00,N,6,79016.00,13169.33,672,"Low Value"
143,32,Female,Hyderabad,Salary,9,Y,100000.00,N,7,78931.00,11275.86,673,"Low Value"
137,43,Female,Delhi,Current,8,N,50000.00,Y,6,78883.00,13147.17,674,"Low Value"
203,20,Male,Delhi,Current,7,Y,0.00,Y,7,78760.00,11251.43,675,"Low Value"
38,54,Female,Delhi,Current,3,Y,0.00,Y,6,78567.00,13094.50,676,"Low Value"
352,50,Female,Delhi,Salary,13,N,0.00,Y,6,78511.00,13085.17,677,"Low Value"
102,41,Male,Mumbai,Savings,5,N,0.00,Y,6,77993.00,12998.83,678,"Low Value"
111,56,Female,Chennai,Current,6,Y,200000.00,N,6,77948.00,12991.33,679,"Low Value"
580,29,Male,Bangalore,Savings,3,N,0.00,Y,10,77940.00,7794.00,680,"Low Value"
18,19,Female,Bangalore,Salary,5,Y,50000.00,N,7,77905.00,11129.29,681,"Low Value"
374,26,Male,Hyderabad,Current,4,N,0.00,N,7,77870.00,11124.29,682,"Low Value"
750,27,Male,Bangalore,Savings,2,Y,0.00,N,7,77835.00,11119.29,683,"Low Value"
407,32,Female,Bangalore,Salary,14,N,200000.00,Y,7,77818.00,11116.86,684,"Low Value"
645,25,Female,Hyderabad,Current,13,N,100000.00,N,4,77595.00,19398.75,685,"Low Value"
161,49,Female,Bangalore,Current,0,Y,0.00,N,9,77530.00,8614.44,686,"Low Value"
89,62,Female,Pune,Savings,7,N,100000.00,N,7,77497.00,11071.00,687,"Low Value"
796,44,Female,Bangalore,Salary,11,N,0.00,Y,5,77304.00,15460.80,688,"Low Value"
153,40,Female,Bangalore,Savings,1,N,150000.00,N,5,76858.00,15371.60,689,"Low Value"
157,60,Female,Chennai,Current,8,N,150000.00,N,8,76493.00,9561.63,690,"Low Value"
358,20,Male,Chennai,Salary,13,Y,100000.00,Y,6,76444.00,12740.67,691,"Low Value"
642,45,Male,Delhi,Current,9,Y,0.00,N,7,76218.00,10888.29,692,"Low Value"
737,18,Male,Pune,Current,5,Y,150000.00,N,10,76094.00,7609.40,693,"Low Value"
267,29,Female,Bangalore,Current,1,Y,0.00,N,8,76083.00,9510.38,694,"Low Value"
248,50,Female,Bangalore,Savings,11,N,200000.00,N,9,75469.00,8385.44,695,"Low Value"
113,45,Female,Mumbai,Salary,9,N,50000.00,Y,8,75398.00,9424.75,696,"Low Value"
691,45,Male,Hyderabad,Savings,10,N,0.00,N,8,74885.00,9360.63,697,"Low Value"
795,32,Female,Bangalore,Salary,11,N,0.00,Y,8,74722.00,9340.25,698,"Low Value"
411,25,Female,Delhi,Savings,8,Y,0.00,N,6,74395.00,12399.17,699,"Low Value"
299,53,Female,Delhi,Savings,12,Y,0.00,Y,9,74264.00,8251.56,700,"Low Value"
283,53,Female,Delhi,Savings,11,Y,0.00,N,7,74035.00,10576.43,701,"Low Value"
449,22,Male,Chennai,Salary,10,Y,0.00,N,9,73947.00,8216.33,702,"Low Value"
136,22,Male,Pune,Current,12,N,100000.00,N,6,73924.00,12320.67,703,"Low Value"
408,60,Male,Kolkata,Salary,14,N,0.00,N,5,73610.00,14722.00,704,"Low Value"
429,34,Female,Hyderabad,Current,5,N,0.00,N,7,73227.00,10461.00,705,"Low Value"
385,53,Male,Bangalore,Salary,1,Y,100000.00,Y,7,73141.00,10448.71,706,"Low Value"
598,35,Female,Kolkata,Savings,5,Y,0.00,N,8,72521.00,9065.13,707,"Low Value"
291,46,Female,Chennai,Current,2,N,100000.00,N,5,72420.00,14484.00,708,"Low Value"
142,32,Male,Pune,Savings,14,Y,100000.00,N,6,72381.00,12063.50,709,"Low Value"
507,50,Female,Kolkata,Savings,10,Y,100000.00,Y,5,72206.00,14441.20,710,"Low Value"
453,29,Female,Hyderabad,Savings,7,N,150000.00,N,8,71297.00,8912.13,711,"Low Value"
751,27,Male,Hyderabad,Current,13,Y,0.00,N,5,70657.00,14131.40,712,"Low Value"
40,38,Female,Kolkata,Current,9,Y,0.00,N,7,70399.00,10057.00,713,"Low Value"
321,44,Male,Pune,Savings,1,N,150000.00,N,10,70106.00,7010.60,714,"Low Value"
650,30,Male,Pune,Salary,0,Y,0.00,N,8,69957.00,8744.63,715,"Low Value"
491,33,Male,Kolkata,Savings,13,N,50000.00,N,6,69907.00,11651.17,716,"Low Value"
250,56,Female,Delhi,Salary,8,Y,0.00,N,7,69621.00,9945.86,717,"Low Value"
753,34,Male,Delhi,Savings,1,N,0.00,N,7,68695.00,9813.57,718,"Low Value"
83,62,Female,Kolkata,Current,12,Y,0.00,Y,6,67942.00,11323.67,719,"Low Value"
421,64,Female,Bangalore,Salary,8,Y,0.00,N,8,67846.00,8480.75,720,"Low Value"
488,21,Male,Mumbai,Current,3,N,0.00,N,4,67810.00,16952.50,721,"Low Value"
148,56,Male,Pune,Salary,0,N,100000.00,Y,5,67745.00,13549.00,722,"Low Value"
779,34,Male,Kolkata,Salary,10,Y,0.00,N,5,67471.00,13494.20,723,"Low Value"
424,33,Male,Bangalore,Savings,12,Y,0.00,Y,7,67164.00,9594.86,724,"Low Value"
48,43,Male,Bangalore,Salary,7,N,50000.00,Y,5,67108.00,13421.60,725,"Low Value"
404,39,Female,Pune,Current,8,Y,100000.00,Y,7,66517.00,9502.43,726,"Low Value"
386,62,Female,Mumbai,Current,2,N,150000.00,Y,5,66236.00,13247.20,727,"Low Value"
578,22,Female,Bangalore,Current,11,Y,100000.00,Y,9,66225.00,7358.33,728,"Low Value"
781,40,Male,Bangalore,Current,3,Y,0.00,N,5,66207.00,13241.40,729,"Low Value"
78,31,Male,Pune,Current,9,N,50000.00,Y,8,65819.00,8227.38,730,"Low Value"
725,64,Male,Bangalore,Salary,14,N,50000.00,N,7,65586.00,9369.43,731,"Low Value"
295,19,Male,Mumbai,Current,13,Y,0.00,Y,6,64989.00,10831.50,732,"Low Value"
340,52,Female,Pune,Savings,1,Y,0.00,N,6,64774.00,10795.67,733,"Low Value"
733,50,Female,Chennai,Current,9,N,100000.00,N,6,64701.00,10783.50,734,"Low Value"
593,52,Female,Pune,Salary,0,N,100000.00,N,6,64548.00,10758.00,735,"Low Value"
797,51,Male,Delhi,Current,14,Y,100000.00,Y,6,64027.00,10671.17,736,"Low Value"
572,45,Female,Bangalore,Salary,8,N,0.00,N,4,63990.00,15997.50,737,"Low Value"
656,61,Male,Mumbai,Savings,10,Y,50000.00,N,8,63677.00,7959.63,738,"Low Value"
75,48,Female,Mumbai,Salary,11,Y,0.00,N,9,63576.00,7064.00,739,"Low Value"
195,32,Female,Hyderabad,Salary,3,Y,0.00,N,6,63266.00,10544.33,740,"Low Value"
206,19,Female,Mumbai,Current,14,N,50000.00,N,5,63220.00,12644.00,741,"Low Value"
437,29,Male,Delhi,Current,13,N,50000.00,Y,6,63196.00,10532.67,742,"Low Value"
347,52,Male,Chennai,Current,1,N,0.00,Y,4,63059.00,15764.75,743,"Low Value"
127,44,Female,Bangalore,Current,4,Y,100000.00,N,6,62858.00,10476.33,744,"Low Value"
100,61,Male,Pune,Salary,10,Y,150000.00,N,5,62804.00,12560.80,745,"Low Value"
262,24,Female,Bangalore,Salary,9,Y,50000.00,N,7,62758.00,8965.43,746,"Low Value"
745,55,Female,Hyderabad,Savings,10,N,50000.00,N,4,62595.00,15648.75,747,"Low Value"
519,40,Male,Kolkata,Current,14,Y,0.00,Y,5,61913.00,12382.60,748,"Low Value"
613,19,Female,Pune,Current,12,Y,50000.00,N,4,61861.00,15465.25,749,"Low Value"
124,61,Male,Chennai,Current,2,Y,0.00,Y,4,61856.00,15464.00,750,"Low Value"
644,45,Female,Hyderabad,Savings,5,N,0.00,N,8,61724.00,7715.50,751,"Low Value"
667,52,Female,Bangalore,Salary,14,Y,0.00,Y,8,61628.00,7703.50,752,"Low Value"
659,62,Male,Hyderabad,Savings,8,Y,0.00,N,6,61225.00,10204.17,753,"Low Value"
576,64,Female,Delhi,Salary,6,N,100000.00,N,6,60590.00,10098.33,754,"Low Value"
50,37,Male,Bangalore,Current,3,Y,0.00,N,4,60261.00,15065.25,755,"Low Value"
587,62,Female,Chennai,Salary,1,Y,50000.00,N,5,60024.00,12004.80,756,"Low Value"
524,43,Female,Hyderabad,Current,13,Y,0.00,Y,7,59695.00,8527.86,757,"Low Value"
500,50,Male,Chennai,Current,2,Y,0.00,N,5,59366.00,11873.20,758,"Low Value"
552,29,Male,Hyderabad,Salary,6,Y,0.00,N,8,58832.00,7354.00,759,"Low Value"
294,35,Female,Bangalore,Current,10,Y,50000.00,N,9,58452.00,6494.67,760,"Low Value"
346,48,Male,Hyderabad,Savings,7,Y,0.00,N,4,58065.00,14516.25,761,"Low Value"
94,18,Male,Pune,Salary,10,N,0.00,Y,5,57254.00,11450.80,762,"Low Value"
41,26,Female,Mumbai,Current,3,Y,0.00,N,6,56869.00,9478.17,763,"Low Value"
190,54,Male,Chennai,Current,2,Y,50000.00,N,3,56200.00,18733.33,764,"Low Value"
5,25,Female,Chennai,Current,8,N,100000.00,N,5,55896.00,11179.20,765,"Low Value"
629,23,Male,Delhi,Savings,0,Y,0.00,N,5,55116.00,11023.20,766,"Low Value"
724,49,Female,Bangalore,Salary,1,Y,0.00,Y,5,55065.00,11013.00,767,"Low Value"
263,33,Female,Delhi,Current,11,N,100000.00,Y,6,55063.00,9177.17,768,"Low Value"
377,46,Male,Chennai,Current,13,Y,0.00,Y,9,53771.00,5974.56,769,"Low Value"
223,34,Female,Bangalore,Savings,13,Y,150000.00,N,4,53434.00,13358.50,770,"Low Value"
388,18,Female,Bangalore,Current,7,Y,50000.00,N,5,53400.00,10680.00,771,"Low Value"
312,39,Male,Delhi,Salary,6,Y,0.00,Y,3,53042.00,17680.67,772,"Low Value"
244,37,Male,Delhi,Savings,11,N,50000.00,N,6,52999.00,8833.17,773,"Low Value"
674,32,Female,Chennai,Savings,11,Y,50000.00,N,4,52803.00,13200.75,774,"Low Value"
457,39,Male,Mumbai,Salary,5,Y,0.00,N,8,52475.00,6559.38,775,"Low Value"
287,52,Male,Kolkata,Current,13,N,0.00,N,4,52038.00,13009.50,776,"Low Value"
544,53,Female,Mumbai,Current,3,N,0.00,N,8,51964.00,6495.50,777,"Low Value"
30,44,Male,Bangalore,Savings,4,Y,50000.00,Y,4,50973.00,12743.25,778,"Low Value"
630,48,Male,Chennai,Salary,13,Y,50000.00,Y,5,49792.00,9958.40,779,"Low Value"
611,26,Male,Kolkata,Savings,0,Y,0.00,N,5,49373.00,9874.60,780,"Low Value"
183,58,Male,Hyderabad,Salary,14,Y,0.00,Y,6,49230.00,8205.00,781,"Low Value"
36,61,Male,Chennai,Salary,9,Y,100000.00,Y,4,48286.00,12071.50,782,"Low Value"
350,49,Male,Hyderabad,Savings,11,N,0.00,N,5,47828.00,9565.60,783,"Low Value"
140,44,Male,Kolkata,Salary,4,Y,50000.00,N,7,46972.00,6710.29,784,"Low Value"
151,47,Male,Hyderabad,Salary,12,N,150000.00,N,5,44848.00,8969.60,785,"Low Value"
315,47,Female,Delhi,Current,8,N,0.00,N,7,44814.00,6402.00,786,"Low Value"
672,58,Female,Hyderabad,Current,11,N,0.00,Y,5,44563.00,8912.60,787,"Low Value"
499,52,Male,Chennai,Savings,4,Y,100000.00,N,6,44021.00,7336.83,788,"Low Value"
15,41,Male,Hyderabad,Current,13,N,0.00,N,6,40858.00,6809.67,789,"Low Value"
451,46,Female,Delhi,Salary,0,Y,0.00,Y,3,37246.00,12415.33,790,"Low Value"
185,56,Male,Pune,Current,5,N,0.00,N,3,36383.00,12127.67,791,"Low Value"
430,36,Female,Delhi,Current,10,Y,100000.00,N,3,34111.00,11370.33,792,"Low Value"
33,33,Male,Delhi,Salary,3,Y,0.00,N,4,32658.00,8164.50,793,"Low Value"
665,54,Male,Chennai,Salary,10,Y,100000.00,N,6,30684.00,5114.00,794,"Low Value"
406,23,Male,Delhi,Savings,5,N,0.00,Y,3,28957.00,9652.33,795,"Low Value"
305,37,Female,Hyderabad,Current,1,Y,0.00,N,3,27411.00,9137.00,796,"Low Value"
98,41,Male,Kolkata,Savings,1,N,0.00,Y,2,23460.00,11730.00,797,"Low Value"
760,30,Male,Bangalore,Salary,0,Y,0.00,N,4,22850.00,5712.50,798,"Low Value"
370,43,Male,Chennai,Current,8,Y,50000.00,N,4,22453.00,5613.25,799,"Low Value"
361,41,Male,Kolkata,Current,2,N,150000.00,N,2,16752.00,8376.00,800,"Low Value"
